City_ID,City,Country,Date,Lat,Lng,Max Temp,Humidity,Cloudiness,Wind Speed
0,Vestmannaeyjar,IS,2022-07-08 00:23:31,63.4427,-20.2734,50.18,85,100,23.67
1,Toccoa,US,2022-07-08 00:23:32,34.5773,-83.3324,81.18,89,40,0.0
2,Nangomba,TZ,2022-07-08 00:23:32,-10.9,38.5,62.04,91,8,2.95
3,Funadhoo,MV,2022-07-08 00:23:33,6.15,73.2667,81.66,82,99,17.31
4,Hambantota,LK,2022-07-08 00:23:33,6.1241,81.1185,78.4,82,92,14.45
5,Hithadhoo,MV,2022-07-08 00:23:34,-0.6,73.0833,81.41,77,100,4.97
6,Punta Arenas,CL,2022-07-08 00:23:34,-53.15,-70.9167,26.71,93,0,4.61
7,Maniitsoq,GL,2022-07-08 00:23:35,65.4167,-52.9,42.17,93,100,0.96
8,Alta Floresta,BR,2022-07-08 00:23:37,-9.8756,-56.0861,79.14,44,23,4.14
9,Butaritari,KI,2022-07-08 00:23:40,3.0707,172.7902,81.95,77,86,15.52
10,Dingle,PH,2022-07-08 00:23:40,10.9995,122.6711,79.9,87,100,2.77
11,Yellowknife,CA,2022-07-08 00:20:43,62.456,-114.3525,79.32,27,20,11.5
12,Thunder Bay,CA,2022-07-08 00:23:43,48.4001,-89.3168,69.78,68,75,8.05
13,Rikitea,PF,2022-07-08 00:23:44,-23.1203,-134.9692,74.95,76,52,21.21
14,Khatanga,RU,2022-07-08 00:23:44,71.9667,102.5,49.75,39,20,10.22
15,Daru,PG,2022-07-08 00:23:45,-9.0763,143.2092,79.02,89,94,13.98
16,Chumikan,RU,2022-07-08 00:23:46,54.7183,135.315,75.54,55,84,14.72
17,Halifax,CA,2022-07-08 00:22:39,44.6453,-63.5724,67.89,63,40,4.61
18,Noumea,NC,2022-07-08 00:19:10,-22.2763,166.4572,84.18,99,1,3.09
19,Makat,KZ,2022-07-08 00:23:47,47.6469,53.3463,73.92,45,0,6.06
20,Ridgecrest,US,2022-07-08 00:23:47,35.6225,-117.6709,100.65,6,0,19.57
21,Ponta Do Sol,PT,2022-07-08 00:23:48,32.6667,-17.1,67.01,81,1,4.52
22,Kaniama,CD,2022-07-08 00:23:48,-7.5667,24.1833,63.55,43,46,5.37
23,Ust-Ishim,RU,2022-07-08 00:23:48,57.6935,71.1665,60.01,81,84,4.32
24,Albany,US,2022-07-08 00:22:33,42.6001,-73.9662,76.78,66,87,3.18
25,Bredasdorp,ZA,2022-07-08 00:23:49,-34.5322,20.0403,49.53,92,55,3.29
26,San Patricio,US,2022-07-08 00:23:25,28.017,-97.5169,91.54,56,2,16.89
27,Vaini,TO,2022-07-08 00:23:49,-21.2,-175.2,77.16,65,40,9.22
28,Avarua,CK,2022-07-08 00:23:51,-21.2078,-159.775,75.25,60,72,6.91
29,Yerbogachen,RU,2022-07-08 00:23:52,61.2767,108.0108,57.61,79,100,4.32
30,Jamestown,US,2022-07-08 00:19:08,42.097,-79.2353,71.24,60,0,0.0
31,Chokurdakh,RU,2022-07-08 00:23:53,70.6333,147.9167,53.53,66,99,10.38
32,Cabo San Lucas,MX,2022-07-08 00:18:56,22.8909,-109.9124,96.1,48,0,9.22
33,Sistranda,NO,2022-07-08 00:23:54,63.7256,8.834,49.96,88,100,24.76
34,Kelo,TD,2022-07-08 00:23:54,9.3086,15.8066,77.9,68,89,4.27
35,Castro,BR,2022-07-08 00:23:55,-24.7911,-50.0119,56.88,77,84,2.86
36,Busselton,AU,2022-07-08 00:23:55,-33.65,115.3333,55.33,79,56,8.19
37,Arman,RU,2022-07-08 00:23:56,59.7,150.1667,77.02,82,42,7.96
38,Matara,LK,2022-07-08 00:23:56,5.9485,80.5353,77.63,91,96,9.71
39,Payson,US,2022-07-08 00:23:56,40.0444,-111.7321,95.4,20,0,5.99
40,Ushuaia,AR,2022-07-08 00:23:02,-54.8,-68.3,29.86,69,20,4.61
41,Port Elizabeth,ZA,2022-07-08 00:23:57,-33.918,25.5701,46.69,93,0,3.44
42,Chimore,BO,2022-07-08 00:23:57,-16.9833,-65.1333,82.04,53,83,3.33
43,New Norfolk,AU,2022-07-08 00:23:58,-42.7826,147.0587,49.91,81,99,1.99
44,Kalmar,SE,2022-07-08 00:24:58,56.6616,16.3616,58.96,91,62,3.0
45,Bilibino,RU,2022-07-08 00:24:59,68.0546,166.4372,58.06,65,100,2.21
46,Sarangani,PH,2022-07-08 00:24:59,5.4033,125.4636,81.95,78,99,12.86
47,Saint-Joseph,RE,2022-07-08 00:24:59,-21.3667,55.6167,62.98,73,20,9.55
48,Qaanaaq,GL,2022-07-08 00:24:59,77.484,-69.3632,43.81,71,75,3.29
49,Sosua,DO,2022-07-08 00:24:31,19.7667,-70.5167,76.91,83,75,0.0
50,Conceicao Do Araguaia,BR,2022-07-08 00:25:00,-8.2578,-49.2647,78.01,48,14,3.44
51,Hilo,US,2022-07-08 00:21:47,19.7297,-155.09,90.28,85,100,6.91
52,Altay,CN,2022-07-08 00:25:00,47.8667,88.1167,66.6,45,9,3.78
53,Atuona,PF,2022-07-08 00:25:02,-9.8,-139.0333,77.63,74,3,22.01
54,Flinders,AU,2022-07-08 00:25:02,-34.5833,150.8552,55.38,65,0,14.0
55,Manzhouli,CN,2022-07-08 00:25:02,49.6,117.4333,61.32,91,83,7.63
56,Aquin,HT,2022-07-08 00:25:03,18.2833,-73.4,80.58,75,4,7.4
57,Mar Del Plata,AR,2022-07-08 00:25:03,-38.0023,-57.5575,43.88,52,0,6.91
58,Tiznit,MA,2022-07-08 00:25:04,29.5833,-9.5,85.28,30,46,1.39
59,Puerto Ayora,EC,2022-07-08 00:25:04,-0.7393,-90.3518,71.55,87,58,4.0
60,Bastrop,US,2022-07-08 00:20:46,32.7562,-91.8724,91.69,71,78,4.14
61,Belaya Gora,RU,2022-07-08 00:25:04,68.5333,146.4167,54.27,77,100,11.79
62,Talnakh,RU,2022-07-08 00:25:05,69.4865,88.3972,56.21,46,100,8.32
63,Turukhansk,RU,2022-07-08 00:21:20,65.8167,87.9833,55.11,60,99,2.3
64,Saint-Philippe,RE,2022-07-08 00:25:08,-21.3585,55.7679,63.99,76,43,8.1
65,Port Blair,IN,2022-07-08 00:25:08,11.6667,92.75,78.84,89,40,2.3
66,Sicamous,CA,2022-07-08 00:25:08,50.8331,-118.9856,73.18,74,92,3.74
67,Barrow,US,2022-07-08 00:25:09,71.2906,-156.7887,42.82,87,100,6.91
68,Kitob,UZ,2022-07-08 00:25:09,39.0843,66.8332,69.71,34,0,5.59
69,Fairbanks,US,2022-07-08 00:25:02,64.8378,-147.7164,79.09,41,75,0.0
70,Cayenne,GF,2022-07-08 00:25:10,4.9333,-52.3333,83.08,12,75,3.44
71,Nha Trang,VN,2022-07-08 00:21:54,12.25,109.1833,80.6,84,100,5.12
72,Sardarshahr,IN,2022-07-08 00:25:10,28.4333,74.4833,91.58,47,26,9.91
73,Port Alfred,ZA,2022-07-08 00:25:11,-33.5906,26.891,60.49,71,23,6.13
74,Mataura,NZ,2022-07-08 00:25:11,-46.1927,168.8643,48.47,92,100,14.52
75,Yaan,NG,2022-07-08 00:25:11,7.3833,8.5667,73.29,95,94,6.71
76,Bireun,ID,2022-07-08 00:25:13,5.203,96.7009,77.32,72,61,5.39
77,Bluff,NZ,2022-07-08 00:25:13,-46.6,168.3333,48.79,88,100,26.69
78,Sangar,RU,2022-07-08 00:25:14,63.9242,127.4739,58.32,91,86,4.41
79,Derzhavinsk,KZ,2022-07-08 00:25:14,51.1,66.3167,58.42,79,76,8.34
80,Klaksvik,FO,2022-07-08 00:25:14,62.2266,-6.589,52.72,88,90,28.03
81,Okhotsk,RU,2022-07-08 00:25:15,59.3833,143.3,56.7,96,95,6.17
82,Kununurra,AU,2022-07-08 00:25:15,-15.7667,128.7333,67.98,30,3,12.66
83,Luena,AO,2022-07-08 00:25:16,-11.7833,19.9167,52.12,51,1,4.43
84,Pangnirtung,CA,2022-07-08 00:25:16,66.1451,-65.7125,48.94,66,94,2.91
85,Oistins,BB,2022-07-08 00:25:16,13.0667,-59.5333,80.69,74,20,23.02
86,Kodiak,US,2022-07-08 00:25:17,57.79,-152.4072,53.11,94,100,13.8
87,Faanui,PF,2022-07-08 00:25:18,-16.4833,-151.75,78.8,68,9,6.58
88,Katsuura,JP,2022-07-08 00:23:19,35.1333,140.3,77.86,70,70,15.7
89,Carutapera,BR,2022-07-08 00:26:19,-1.195,-46.02,78.67,79,96,10.54
90,Cape Town,ZA,2022-07-08 00:25:19,-33.9258,18.4232,61.38,90,40,3.0
91,Bambous Virieux,MU,2022-07-08 00:26:19,-20.3428,57.7575,70.05,78,75,13.8
92,Sabang,ID,2022-07-08 00:26:19,5.8933,95.3214,83.34,74,100,22.75
93,Goias,BR,2022-07-08 00:26:20,-15.5807,-49.6362,70.32,44,0,2.3
94,Mayskiy,RU,2022-07-08 00:26:20,47.6931,40.1025,63.81,40,0,4.74
95,Kidal,ML,2022-07-08 00:26:21,18.4411,1.4078,93.58,11,18,10.51
96,Menongue,AO,2022-07-08 00:26:21,-14.6585,17.691,50.76,54,0,4.68
97,Barra Do Corda,BR,2022-07-08 00:26:21,-5.5,-45.25,81.93,55,100,5.23
98,Georgetown,MY,2022-07-08 00:24:00,5.4112,100.3354,81.9,90,40,3.44
99,Nome,US,2022-07-08 00:21:54,64.5011,-165.4064,60.17,94,100,5.75
100,Ribeira Grande,PT,2022-07-08 00:26:22,38.5167,-28.7,67.59,78,76,17.09
101,Airai,TL,2022-07-08 00:26:22,-8.9266,125.4092,60.37,85,84,3.36
102,Puerto Escondido,MX,2022-07-08 00:26:22,15.85,-97.0667,85.03,65,75,5.75
103,Ulladulla,AU,2022-07-08 00:25:47,-35.35,150.4667,51.48,62,0,8.88
104,Chuy,UY,2022-07-08 00:26:23,-33.6971,-53.4616,45.73,66,0,4.47
105,Hermanus,ZA,2022-07-08 00:26:23,-34.4187,19.2345,52.81,86,68,5.44
106,East London,ZA,2022-07-08 00:26:24,-33.0153,27.9116,60.46,71,10,4.59
107,Tasiilaq,GL,2022-07-08 00:26:24,65.6145,-37.6368,41.16,91,92,6.26
108,Carnarvon,AU,2022-07-08 00:26:25,-24.8667,113.6333,63.32,26,1,9.82
109,Broken Hill,AU,2022-07-08 00:26:25,-31.95,141.4333,50.5,51,38,16.8
110,Natal,BR,2022-07-08 00:23:44,-5.795,-35.2094,75.42,100,75,8.05
111,Zhigansk,RU,2022-07-08 00:24:39,66.7697,123.3711,50.58,78,100,29.77
112,Bilma,NE,2022-07-08 00:26:25,18.6853,12.9164,89.28,15,10,4.99
113,Towada,JP,2022-07-08 00:26:26,40.6127,141.2067,77.22,83,98,5.97
114,Iqaluit,CA,2022-07-08 00:26:26,63.7506,-68.5145,42.53,81,40,5.75
115,Tarazona,ES,2022-07-08 00:26:26,41.9,-1.7333,64.22,60,0,12.21
116,Broome,US,2022-07-08 00:26:27,42.2506,-75.833,76.48,67,59,1.92
117,San Cristobal,VE,2022-07-08 00:26:27,7.7669,-72.225,75.38,96,24,3.42
118,Minab,IR,2022-07-08 00:26:28,27.1467,57.0801,86.88,77,100,4.52
119,Ashqelon,IL,2022-07-08 00:26:28,31.6693,34.5715,73.29,68,0,3.6
120,Leirvik,NO,2022-07-08 00:26:28,59.7798,5.5005,53.64,85,100,6.33
121,Norman Wells,CA,2022-07-08 00:26:28,65.282,-126.8329,87.84,29,20,13.8
122,Hofn,IS,2022-07-08 00:26:29,64.2539,-15.2082,51.93,77,9,13.51
123,Dikson,RU,2022-07-08 00:26:29,73.5069,80.5464,39.43,99,100,20.74
124,Groningen,NL,2022-07-08 00:26:29,53.25,6.75,58.03,77,100,5.75
125,Hami,CN,2022-07-08 00:26:30,42.8,93.45,80.33,17,48,14.5
126,Zhigalovo,RU,2022-07-08 00:26:30,54.8097,105.1578,64.58,73,39,4.32
127,Ahipara,NZ,2022-07-08 00:26:30,-35.1667,173.1667,64.44,96,100,17.94
128,Hobart,AU,2022-07-08 00:21:58,-42.8794,147.3294,50.25,85,75,14.97
129,Kapaa,US,2022-07-08 00:23:45,22.0752,-159.319,82.72,73,100,17.27
130,Kovdor,RU,2022-07-08 00:26:31,67.5662,30.4758,51.04,94,100,1.61
131,Saskylakh,RU,2022-07-08 00:26:31,71.9167,114.0833,48.31,49,5,14.47
132,Te Anau,NZ,2022-07-08 00:26:32,-45.4167,167.7167,38.19,95,100,0.29
133,Coihueco,CL,2022-07-08 00:26:32,-36.6167,-71.8333,39.94,93,0,4.61
134,Katangli,RU,2022-07-08 00:26:33,51.7102,143.2326,76.86,65,54,10.45
135,Vilhena,BR,2022-07-08 00:27:33,-12.7406,-60.1458,69.03,51,0,1.99
136,Kongolo,CD,2022-07-08 00:27:33,-5.3833,27.0,70.27,39,66,4.45
137,Constitucion,CL,2022-07-08 00:27:34,-35.3333,-72.4167,48.25,82,0,7.47
138,Provideniya,RU,2022-07-08 00:27:34,64.3833,-173.3,53.71,87,100,4.47
139,Tuktoyaktuk,CA,2022-07-08 00:27:34,69.4541,-133.0374,75.2,60,40,12.66
140,Ancud,CL,2022-07-08 00:27:35,-41.8697,-73.8203,49.23,88,100,17.45
141,Belyy Yar,RU,2022-07-08 00:27:35,53.6039,91.3903,62.49,88,40,2.24
142,Sitangkai,PH,2022-07-08 00:27:35,4.6628,119.3928,82.65,77,98,15.1
143,Hobyo,SO,2022-07-08 00:27:35,5.3505,48.5268,75.27,78,78,24.4
144,Bengkulu,ID,2022-07-08 00:27:36,-3.8004,102.2655,76.84,86,85,2.77
145,Batemans Bay,AU,2022-07-08 00:27:36,-35.7167,150.1833,54.1,52,0,6.31
146,Ambatofinandrahana,MG,2022-07-08 00:27:36,-20.55,46.8,46.31,92,19,4.45
147,Inyonga,TZ,2022-07-08 00:27:37,-6.7167,32.0667,58.35,54,2,5.01
148,Ixtapa,MX,2022-07-08 00:27:37,20.7,-105.2,86.23,79,75,9.22
149,Miandrivazo,MG,2022-07-08 00:27:37,-19.5167,45.4667,64.71,54,0,2.42
150,Ndele,CF,2022-07-08 00:27:38,8.4109,20.6473,71.4,94,100,2.59
151,Kampot,KH,2022-07-08 00:27:38,10.6167,104.1833,77.05,84,100,6.62
152,Luderitz,NA,2022-07-08 00:27:38,-26.6481,15.1594,59.58,48,0,5.57
153,Mezhdurechensk,RU,2022-07-08 00:27:39,53.6942,88.0603,58.46,96,71,1.5
154,Salina,US,2022-07-08 00:27:39,38.8403,-97.6114,100.02,55,0,1.99
155,Tuatapere,NZ,2022-07-08 00:27:39,-46.1333,167.6833,43.57,93,100,6.2
156,Diapaga,BF,2022-07-08 00:27:39,12.0708,1.7889,82.56,61,94,5.93
157,Bathsheba,BB,2022-07-08 00:24:38,13.2167,-59.5167,81.21,85,20,23.02
158,Saldanha,ZA,2022-07-08 00:27:40,-33.0117,17.9442,44.65,92,14,5.35
159,Alice Springs,AU,2022-07-08 00:27:40,-23.7,133.8833,45.95,61,0,5.75
160,Roura,GF,2022-07-08 00:27:40,4.7263,-52.3274,82.96,83,75,3.44
161,Kalmunai,LK,2022-07-08 00:27:41,7.4167,81.8167,81.34,78,100,5.41
162,Ouadda,CF,2022-07-08 00:27:41,8.0777,22.4007,68.9,95,90,1.16
163,Sergeyevka,KZ,2022-07-08 00:27:41,53.88,67.4158,57.27,95,42,6.55
164,Henties Bay,NA,2022-07-08 00:27:42,-22.116,14.2845,57.72,79,0,5.3
165,Tashla,RU,2022-07-08 00:27:42,51.7716,52.7427,60.48,78,0,3.74
166,Canoinhas,BR,2022-07-08 00:26:28,-26.1772,-50.39,56.57,87,100,0.49
167,Watertown,US,2022-07-08 00:24:51,42.3709,-71.1828,75.58,57,75,16.11
168,Balgazyn,RU,2022-07-08 00:27:43,51.0,95.2,58.93,57,77,1.74
169,Nisia Floresta,BR,2022-07-08 00:27:43,-6.0911,-35.2086,75.58,95,5,8.37
170,Jieshi,CN,2022-07-08 00:27:43,22.8134,115.8257,81.48,83,12,7.14
171,Nanortalik,GL,2022-07-08 00:27:44,60.1432,-45.2371,44.01,92,69,4.38
172,Margate,GB,2022-07-08 00:27:44,51.3813,1.3862,57.31,87,4,1.01
173,Dalvik,IS,2022-07-08 00:27:44,65.9702,-18.5286,53.53,87,100,4.32
174,Road Town,VG,2022-07-08 00:26:49,18.4167,-64.6167,82.44,83,40,10.36
175,Soyo,AO,2022-07-08 00:27:45,-6.1349,12.3689,69.76,91,8,4.59
176,Vanimo,PG,2022-07-08 00:27:45,-2.6741,141.3028,80.8,85,67,2.17
177,Hamilton,US,2022-07-08 00:25:22,39.1834,-84.5333,83.88,69,40,4.61
178,Vila Franca Do Campo,PT,2022-07-08 00:27:45,37.7167,-25.4333,67.19,83,94,7.14
179,Shetpe,KZ,2022-07-08 00:28:46,44.1667,52.1167,72.5,36,0,6.8
180,Coihaique,CL,2022-07-08 00:28:46,-45.5752,-72.0662,32.61,100,100,0.0
181,Vanavara,RU,2022-07-08 00:28:46,60.34,102.2797,56.88,93,98,4.79
182,Evensk,RU,2022-07-08 00:28:47,61.95,159.2333,48.04,96,100,6.49
183,Hovd,MN,2022-07-08 00:28:47,48.0056,91.6419,63.01,37,10,3.29
184,Esperance,AU,2022-07-08 00:28:48,-33.8667,121.9,53.56,78,31,15.23
185,Dongsheng,CN,2022-07-08 00:28:48,39.8161,109.9776,75.63,39,0,8.21
186,Barranca,PE,2022-07-08 00:28:48,-10.75,-77.7667,62.02,79,9,5.03
187,Thinadhoo,MV,2022-07-08 00:28:49,0.5333,72.9333,82.08,74,100,1.95
188,Tiksi,RU,2022-07-08 00:28:49,71.6872,128.8694,38.89,69,100,8.84
189,Amurzet,RU,2022-07-08 00:28:49,47.6967,131.0981,69.37,97,100,15.19
190,Iguala,MX,2022-07-08 00:24:52,18.3438,-99.5372,83.64,68,72,3.27
191,Lagoa,PT,2022-07-08 00:28:49,39.05,-27.9833,65.95,84,100,15.08
192,Nobres,BR,2022-07-08 00:28:50,-14.7203,-56.3275,75.11,40,0,1.81
193,Dudinka,RU,2022-07-08 00:25:48,69.4058,86.1778,56.62,66,100,13.89
194,Makakilo City,US,2022-07-08 00:24:35,21.3469,-158.0858,86.32,58,20,16.11
195,Mahebourg,MU,2022-07-08 00:28:51,-20.4081,57.7,70.09,78,75,13.8
196,Akdepe,TM,2022-07-08 00:28:51,42.0551,59.3788,68.09,34,78,6.42
197,Nikolskoye,RU,2022-07-08 00:28:51,59.7035,30.7861,58.8,91,33,4.68
198,Gunnedah,AU,2022-07-08 00:28:51,-30.9833,150.25,48.22,66,0,8.41
199,La Asuncion,VE,2022-07-08 00:25:16,11.0333,-63.8628,89.33,66,5,18.41
200,Kurilsk,RU,2022-07-08 00:28:52,45.2333,147.8833,63.28,67,14,4.94
201,Itarema,BR,2022-07-08 00:28:52,-2.9248,-39.9167,76.87,84,85,12.15
202,Tongzi,CN,2022-07-08 00:28:53,28.7829,105.0877,81.27,77,0,2.21
203,Marmande,FR,2022-07-08 00:28:53,44.5,0.1667,64.76,91,0,6.15
204,Novoorsk,RU,2022-07-08 00:28:53,51.381,58.9813,54.25,92,60,7.85
205,Severo-Kurilsk,RU,2022-07-08 00:28:54,50.6789,156.125,54.95,89,65,7.02
206,Yar-Sale,RU,2022-07-08 00:28:54,66.8333,70.8333,66.02,74,100,6.98
207,Huarmey,PE,2022-07-08 00:28:55,-10.0681,-78.1522,63.18,82,5,6.13
208,Tyrma,RU,2022-07-08 00:28:55,50.0833,132.1667,67.77,99,100,6.06
209,Manta,EC,2022-07-08 00:28:55,-0.95,-80.7333,73.18,83,75,10.36
210,Cap-Aux-Meules,CA,2022-07-08 00:28:55,47.3821,-61.8597,59.05,72,20,9.22
211,Tuensang,IN,2022-07-08 00:28:56,26.2833,94.8333,71.71,99,100,2.17
212,Souillac,MU,2022-07-08 00:28:57,-20.5167,57.5167,70.18,78,75,13.8
213,Kushima,JP,2022-07-08 00:28:58,31.4583,131.2333,83.03,75,100,4.36
214,Longyearbyen,SJ,2022-07-08 00:28:58,78.2186,15.6401,46.24,71,75,16.11
215,Santa Cruz,BO,2022-07-08 00:24:27,-17.8,-63.1667,76.46,73,40,4.61
216,Boralday,KZ,2022-07-08 00:28:59,43.3578,76.8594,64.26,63,40,8.95
217,Isa Khel,AF,2022-07-08 00:28:59,36.6702,68.8443,77.32,21,58,2.73
218,Pevek,RU,2022-07-08 00:28:59,69.7008,170.3133,40.28,76,98,2.21
219,Hinton,CA,2022-07-08 00:29:00,53.4001,-117.5857,71.6,48,79,7.43
220,Narsaq,GL,2022-07-08 00:29:00,60.9167,-46.05,46.31,86,48,1.86
221,Bathurst,AU,2022-07-08 00:29:00,-33.4166,149.5806,42.82,81,91,5.01
222,Husavik,IS,2022-07-08 00:29:01,66.0449,-17.3389,48.2,96,100,9.26
223,Samfya,ZM,2022-07-08 00:29:01,-11.3649,29.5565,55.85,69,0,7.76
224,Namibe,AO,2022-07-08 00:29:01,-15.1961,12.1522,66.54,83,41,5.12
225,Arraial Do Cabo,BR,2022-07-08 00:30:03,-22.9661,-42.0278,70.5,85,75,23.04
226,Ferrol,ES,2022-07-08 00:30:04,43.4832,-8.2369,64.92,83,0,11.68
227,Lompoc,US,2022-07-08 00:30:06,34.6391,-120.4579,78.01,80,75,13.8
228,Chipiona,ES,2022-07-08 00:27:14,36.7366,-6.437,77.31,83,0,4.61
229,Copiapo,CL,2022-07-08 00:27:05,-27.3667,-70.3333,49.69,20,53,0.89
230,Naze,JP,2022-07-08 00:30:11,28.3667,129.4833,81.52,80,100,9.13
231,Dengzhou,CN,2022-07-08 00:30:12,37.8086,120.7508,80.87,65,0,8.55
232,Gobabis,NA,2022-07-08 00:30:13,-22.45,18.9667,51.91,41,0,11.41
233,Sitka,US,2022-07-08 00:30:13,57.0531,-135.33,60.69,77,75,8.05
234,Hounde,BF,2022-07-08 00:30:15,11.5,-3.5167,80.02,68,97,5.28
235,Boa Vista,BR,2022-07-08 00:30:16,2.8197,-60.6733,80.58,78,40,1.14
236,Anyama,CI,2022-07-08 00:30:16,5.4946,-4.0518,77.81,83,99,5.95
237,Berlevag,NO,2022-07-08 00:30:17,70.8578,29.0864,55.2,87,100,3.44
238,Ambunti,PG,2022-07-08 00:30:18,-4.2365,142.8448,84.27,73,95,1.23
239,Acurenam,GQ,2022-07-08 00:30:18,1.0322,10.6488,66.51,99,100,3.69
240,Sao Filipe,CV,2022-07-08 00:30:18,14.8961,-24.4956,73.81,85,16,8.28
241,Taoudenni,ML,2022-07-08 00:30:20,22.6783,-3.9836,100.15,16,3,2.13
242,Kutum,SD,2022-07-08 00:30:21,14.2,24.6667,80.58,31,100,10.78
243,Clyde River,CA,2022-07-08 00:30:22,70.4692,-68.5914,37.63,87,100,4.61
244,Ipatovo,RU,2022-07-08 00:30:22,45.7181,42.9036,60.48,74,0,7.85
245,Osa,RU,2022-07-08 00:30:23,57.2829,55.4567,59.34,90,0,3.0
246,Lebu,CL,2022-07-08 00:30:23,-37.6167,-73.65,46.09,82,9,4.43
247,Kruisfontein,ZA,2022-07-08 00:30:24,-34.0033,24.7314,50.32,91,0,3.91
248,Kayerkan,RU,2022-07-08 00:30:25,69.3497,87.7602,55.53,54,100,11.27
249,Oksfjord,NO,2022-07-08 00:30:25,70.2396,22.3479,55.47,85,100,3.04
250,Hasaki,JP,2022-07-08 00:30:25,35.7333,140.8333,79.2,80,97,22.41
251,Garoua,CM,2022-07-08 00:30:26,9.3,13.4,76.91,74,88,2.86
252,Paita,PE,2022-07-08 00:30:26,-5.0892,-81.1144,63.55,85,5,13.13
253,Epe,NG,2022-07-08 00:30:27,6.5841,3.9834,75.22,95,100,5.26
254,Rawson,AR,2022-07-08 00:30:27,-43.3002,-65.1023,44.01,45,45,9.26
255,Ullapool,GB,2022-07-08 00:30:28,57.8987,-5.1604,57.34,98,100,6.49
256,Santa Maria,BR,2022-07-08 00:26:45,-29.6842,-53.8069,61.9,100,75,5.75
257,Sterling,US,2022-07-08 00:26:13,39.0062,-77.4286,79.77,80,75,5.01
258,Hauterive,FR,2022-07-08 00:30:29,46.0901,3.4459,63.36,95,4,3.36
259,Tonantins,BR,2022-07-08 00:30:29,-2.8731,-67.8022,72.91,98,62,2.48
260,Coahuayana,MX,2022-07-08 00:30:30,18.7333,-103.6833,82.49,77,31,4.18
261,Sandwick,GB,2022-07-08 00:30:30,60.0,-1.25,53.42,82,100,19.57
262,Geraldton,AU,2022-07-08 00:30:31,-28.7667,114.6,52.21,43,2,17.27
263,Thompson,CA,2022-07-08 00:30:22,55.7435,-97.8558,77.16,36,40,2.3
264,Coquimbo,CL,2022-07-08 00:30:33,-29.9533,-71.3436,53.33,100,0,8.05
265,Zyryanovsk,KZ,2022-07-08 00:30:36,49.7386,84.2719,58.01,90,100,5.35
266,Cerrito,CO,2022-07-08 00:30:36,6.8432,-72.694,52.83,91,36,7.54
267,Samarai,PG,2022-07-08 00:30:36,-10.6167,150.6667,82.81,75,79,11.03
268,Bullhead City,US,2022-07-08 00:30:37,35.1478,-114.5683,108.82,8,0,11.5
269,Saint Anthony,US,2022-07-08 00:30:37,45.0205,-93.218,85.93,71,0,6.91
270,Country Club,US,2022-07-08 00:26:03,25.9482,-80.317,85.03,72,0,13.8
271,Merauke,ID,2022-07-08 00:30:39,-8.4667,140.3333,80.82,80,96,13.35
272,Kaitangata,NZ,2022-07-08 00:30:39,-46.2817,169.8464,47.82,92,100,20.92
273,Atambua,ID,2022-07-08 00:30:40,-9.1061,124.8925,75.96,70,56,4.27
274,Banda Aceh,ID,2022-07-08 00:30:40,5.5577,95.3222,82.08,72,81,14.54
275,Sibu,MY,2022-07-08 00:31:41,2.3,111.8167,79.11,83,20,5.99
276,Boden,SE,2022-07-08 00:31:56,65.8252,21.6886,53.6,74,16,8.25
277,Saint-Georges,GD,2022-07-08 00:31:59,12.0564,-61.7485,80.28,74,20,18.41
278,Sept-Iles,CA,2022-07-08 00:31:59,50.2001,-66.3821,68.0,50,75,13.8
279,Kabare,CD,2022-07-08 00:32:00,-2.4683,28.8242,61.05,71,68,0.54
280,Contramaestre,CU,2022-07-08 00:32:00,20.2978,-76.2414,75.65,87,8,3.74
281,Wanning,CN,2022-07-08 00:32:00,18.8003,110.3967,84.76,80,100,3.15
282,Yumen,CN,2022-07-08 00:32:01,40.2833,97.2,75.72,14,81,17.49
283,Kieta,PG,2022-07-08 00:32:01,-6.2167,155.6333,83.68,70,99,5.64
284,Ayan,RU,2022-07-08 00:32:01,56.45,138.1667,61.23,86,78,6.55
285,Staryy Nadym,RU,2022-07-08 00:32:02,65.6118,72.6842,67.91,77,100,9.19
286,Key Largo,US,2022-07-08 00:31:04,25.0865,-80.4473,84.2,67,87,12.15
287,Suratgarh,IN,2022-07-08 00:32:03,29.3167,73.9,94.1,45,4,8.59
288,Quatre Cocos,MU,2022-07-08 00:32:04,-20.2078,57.7625,69.91,67,85,20.33
289,Honiara,SB,2022-07-08 00:32:04,-9.4333,159.95,86.68,62,100,8.7
290,Tezu,IN,2022-07-08 00:32:04,27.9167,96.1667,81.66,85,53,1.39
291,Pleasant Prairie,US,2022-07-08 00:29:03,42.5531,-87.9334,81.84,72,0,6.91
292,Tignere,CM,2022-07-08 00:32:05,7.3667,12.65,63.12,96,100,2.55
293,Zhelyabovka,UA,2022-07-08 00:32:05,45.3988,34.7578,69.03,80,95,4.18
294,Muravlenko,RU,2022-07-08 00:32:06,63.7898,74.523,68.45,57,8,13.8
295,Kilrush,IE,2022-07-08 00:32:07,52.6397,-9.4833,55.15,88,100,7.09
296,Granadilla De Abona,ES,2022-07-08 00:32:07,28.1188,-16.576,74.98,50,20,1.14
297,Muzhi,RU,2022-07-08 00:32:07,65.3667,64.6667,69.76,74,97,4.59
298,North Myrtle Beach,US,2022-07-08 00:31:54,33.816,-78.68,86.11,91,75,14.97
299,Aykhal,RU,2022-07-08 00:32:07,66.0,111.5,52.57,79,95,15.52
300,Thayetmyo,MM,2022-07-08 00:32:08,19.3167,95.1833,79.86,84,45,6.06
301,Victoria,HK,2022-07-08 00:32:08,22.2855,114.1577,88.97,83,43,11.01
302,Seymchan,RU,2022-07-08 00:32:09,62.8833,152.4333,89.69,26,0,21.59
303,Isangel,VU,2022-07-08 00:32:09,-19.55,169.2667,84.31,74,75,4.61
304,Greytown,ZA,2022-07-08 00:32:09,-29.0642,30.5928,46.72,68,0,2.26
305,Kiruna,SE,2022-07-08 00:32:10,67.8557,20.2251,47.32,87,100,2.3
306,Ati,TD,2022-07-08 00:32:11,13.2154,18.3353,88.25,44,80,10.38
307,Aswan,EG,2022-07-08 00:32:11,24.0934,32.907,85.68,19,100,10.98
308,Saint Paul,US,2022-07-08 00:32:12,44.9444,-93.0933,85.55,82,75,5.75
309,Nemuro,JP,2022-07-08 00:32:12,43.3236,145.575,59.41,94,100,9.1
310,Nalut,LY,2022-07-08 00:32:12,30.3333,10.85,86.34,21,0,11.3
311,Bukama,CD,2022-07-08 00:32:13,-9.2,25.85,64.26,43,2,3.74
312,Namatanai,PG,2022-07-08 00:32:13,-3.6667,152.4333,84.81,66,34,10.89
313,Chicla,PE,2022-07-08 00:32:14,-11.705,-76.2686,44.92,72,34,4.97
314,Araguacu,BR,2022-07-08 00:32:15,-12.9306,-49.8264,74.5,44,0,4.16
315,Leningradskiy,RU,2022-07-08 00:32:17,69.3833,178.4167,44.6,74,100,16.89
316,Kavieng,PG,2022-07-08 00:32:18,-2.5744,150.7967,82.0,78,99,15.52
317,Port Hardy,CA,2022-07-08 00:30:16,50.6996,-127.4199,60.98,88,75,6.91
318,Dolores,AR,2022-07-08 00:30:01,-36.3132,-57.6792,42.17,31,83,6.29
319,Notodden,NO,2022-07-08 00:32:19,59.5594,9.2585,59.72,60,88,3.71
320,Kautokeino,NO,2022-07-08 00:29:17,69.0125,23.0412,46.36,84,48,8.12
321,Port Lincoln,AU,2022-07-08 00:30:44,-34.7333,135.8667,55.6,68,100,13.73
322,Touros,BR,2022-07-08 00:28:56,-5.1989,-35.4608,74.75,89,19,10.33
323,Acapulco,MX,2022-07-08 00:32:41,16.8634,-99.8901,87.62,66,75,0.0
324,Aix-Les-Bains,FR,2022-07-08 00:33:24,45.6834,5.9224,68.47,68,0,11.5
325,Bundaberg,AU,2022-07-08 00:33:24,-24.85,152.35,63.21,56,0,7.0
326,Nioro,GM,2022-07-08 00:33:25,13.35,-15.75,80.49,78,100,4.81
327,Alamosa,US,2022-07-08 00:33:25,37.4695,-105.87,78.78,27,0,6.91
328,Marienburg,PL,2022-07-08 00:33:25,54.0359,19.0266,62.11,97,76,6.44
329,Igarka,RU,2022-07-08 00:33:26,67.4667,86.5833,56.62,60,100,8.34
330,Manzil Kamil,TN,2022-07-08 00:33:28,35.6248,10.6673,81.84,51,20,17.27
331,Bardiyah,LY,2022-07-08 00:33:28,31.7561,25.0865,76.57,81,0,14.67
332,Sabha,LY,2022-07-08 00:33:29,27.0377,14.4283,81.93,25,0,9.17
333,Richards Bay,ZA,2022-07-08 00:33:29,-28.783,32.0377,61.61,92,0,5.23
334,Cam Ranh,VN,2022-07-08 00:33:29,11.9214,109.1591,80.56,74,20,3.44
335,Yinchuan,CN,2022-07-08 00:33:30,38.4681,106.2731,87.24,21,65,8.19
336,Mirnyy,RU,2022-07-08 00:33:30,62.5353,113.9611,64.24,51,100,1.99
337,Bethel,US,2022-07-08 00:33:31,41.3712,-73.414,75.29,74,0,6.91
338,Le Port,RE,2022-07-08 00:33:31,-20.9373,55.2919,67.24,59,52,4.85
339,Bang Saphan,TH,2022-07-08 00:33:31,11.2126,99.5117,81.52,81,100,4.61
340,Mehamn,NO,2022-07-08 00:33:32,71.0357,27.8492,51.71,93,92,0.0
341,Assiniboia,CA,2022-07-08 00:33:32,49.6334,-105.9845,76.82,53,100,16.11
342,Sisimiut,GL,2022-07-08 00:33:32,66.9395,-53.6735,42.3,87,100,2.64
343,Vostok,RU,2022-07-08 00:33:33,46.4856,135.8833,80.67,50,100,4.63
344,Chute-Aux-Outardes,CA,2022-07-08 00:33:33,49.1168,-68.399,60.78,55,75,8.05
345,Inuvik,CA,2022-07-08 00:33:33,68.3499,-133.7218,88.66,27,40,3.44
346,Bahia Honda,CU,2022-07-08 00:33:34,22.9036,-83.1592,78.69,85,83,8.12
347,Ilulissat,GL,2022-07-08 00:33:34,69.2167,-51.1,46.42,81,100,4.61
348,Tautira,PF,2022-07-08 00:33:34,-17.7333,-149.15,78.46,72,3,8.57
349,Dhamtari,IN,2022-07-08 00:33:35,20.7072,81.5497,79.81,82,100,3.83
350,Mae Sai,TH,2022-07-08 00:33:35,20.4335,99.8762,75.78,94,93,0.76
351,Octeville,FR,2022-07-08 00:33:35,49.6261,-1.6435,57.69,94,8,2.3
352,Atasu,KZ,2022-07-08 00:33:36,48.6814,71.6433,61.27,59,89,6.93
353,Olginskaya,RU,2022-07-08 00:33:36,47.1879,39.9492,68.94,31,0,6.29
354,Rio Grande,BR,2022-07-08 00:33:36,-32.035,-52.0986,51.91,75,100,8.46
355,Walvis Bay,NA,2022-07-08 00:33:36,-22.9575,14.5053,54.55,62,0,5.75
356,Eenhana,NA,2022-07-08 00:33:37,-17.4667,16.3333,55.6,45,0,7.2
357,Beringovskiy,RU,2022-07-08 00:30:29,63.05,179.3167,48.24,85,93,7.96
358,Mount Isa,AU,2022-07-08 00:31:07,-20.7333,139.5,64.17,45,0,9.22
359,Gouyave,GD,2022-07-08 00:33:37,12.1646,-61.7296,79.57,74,20,18.41
360,Kalaleh,IR,2022-07-08 00:33:38,37.3807,55.4916,71.2,64,0,4.61
361,Angoche,MZ,2022-07-08 00:33:38,-16.2325,39.9086,71.85,71,0,8.88
362,El Real De Santa Maria,PA,2022-07-08 00:33:38,8.109,-77.7325,75.94,97,93,0.2
363,Mahibadhoo,MV,2022-07-08 00:33:39,3.7833,72.9667,82.89,76,100,11.32
364,Staunton,US,2022-07-08 00:28:44,38.1496,-79.0717,78.57,67,75,3.44
365,Jutai,BR,2022-07-08 00:34:39,-5.1833,-68.9,73.76,92,0,0.74
366,Lata,PT,2022-07-08 00:34:39,40.1629,-8.3327,69.08,30,0,4.18
367,Mount Gambier,AU,2022-07-08 00:31:38,-37.8333,140.7667,52.34,82,93,11.25
368,Nuuk,GL,2022-07-08 00:34:40,64.1835,-51.7216,47.01,87,100,3.44
369,Truth Or Consequences,US,2022-07-08 00:34:40,33.1284,-107.2528,95.23,19,0,8.05
370,Tazmalt,DZ,2022-07-08 00:34:40,36.3868,4.3989,70.0,87,15,4.7
371,Rorvik,NO,2022-07-08 00:34:41,64.8621,11.2373,52.39,79,100,18.61
372,Calabozo,VE,2022-07-08 00:34:41,8.9242,-67.4293,75.4,83,20,4.81
373,Pokhara,NP,2022-07-08 00:32:44,28.2333,83.9833,76.17,90,90,0.78
374,Kinkala,CG,2022-07-08 00:34:42,-4.3614,14.7644,68.88,66,16,3.4
375,Aksarka,RU,2022-07-08 00:34:43,66.5606,67.7975,67.95,71,98,4.47
376,Serafimovich,RU,2022-07-08 00:34:43,49.5786,42.736,63.03,50,0,4.05
377,Boundiali,CI,2022-07-08 00:34:43,9.5217,-6.4869,73.33,90,76,4.9
378,Ayagoz,KZ,2022-07-08 00:34:44,47.9714,80.4392,66.06,60,4,10.0
379,Dunedin,NZ,2022-07-08 00:30:23,-45.8742,170.5036,46.8,94,100,18.01
380,Zabol,AF,2022-07-08 00:34:45,32.25,67.25,76.06,53,75,8.72
381,Petropavlovsk-Kamchatskiy,RU,2022-07-08 00:32:20,53.0452,158.6483,73.99,50,0,2.24
382,Ninh Binh,VN,2022-07-08 00:34:46,20.2539,105.975,78.3,91,100,3.76
383,Tpig,RU,2022-07-08 00:34:46,41.7801,47.589,52.18,82,0,3.6
384,Huai Thalaeng,TH,2022-07-08 00:34:46,14.997,102.6475,80.96,71,100,6.42
385,Abu Samrah,SY,2022-07-08 00:34:47,35.3029,37.1841,71.98,60,0,8.01
386,Sao Joao Da Barra,BR,2022-07-08 00:34:48,-21.6403,-41.0511,71.46,84,0,14.41
387,Saint-Paul,RE,2022-07-08 00:34:48,-21.0096,55.2707,67.35,74,73,2.95
388,Maumere,ID,2022-07-08 00:34:49,-8.6199,122.2111,77.72,77,91,8.08
389,Grindavik,IS,2022-07-08 00:34:49,63.8424,-22.4338,48.67,93,100,20.71
390,Beira,MZ,2022-07-08 00:34:50,-19.8436,34.8389,69.89,83,75,6.91
391,Caiaponia,BR,2022-07-08 00:34:50,-16.9567,-51.8103,65.57,42,0,2.64
392,Peski,RU,2022-07-08 00:34:51,55.2163,38.7626,59.59,96,100,7.38
393,Santarem,BR,2022-07-08 00:34:51,-2.4431,-54.7083,75.33,100,0,4.61
394,Codrington,AU,2022-07-08 00:34:52,-38.2667,141.9667,53.71,74,18,19.37
395,Chornyanka,UA,2022-07-08 00:34:52,46.6522,33.359,69.33,59,0,6.87
396,Lesozavodsk,RU,2022-07-08 00:34:53,45.4794,133.4244,71.62,92,100,6.4
397,Namalenga,TZ,2022-07-08 00:34:54,-10.95,39.1,61.66,96,3,2.59
398,Mana,GF,2022-07-08 00:34:54,5.6592,-53.7767,77.92,87,8,9.44
399,Puerto Carreno,CO,2022-07-08 00:34:54,6.189,-67.4859,78.17,88,100,5.23
400,Sahuaripa,MX,2022-07-08 00:34:55,29.05,-109.2333,83.12,52,100,7.45
401,Batagay-Alyta,RU,2022-07-08 00:34:55,67.8006,130.4114,42.51,88,100,14.18
402,Upernavik,GL,2022-07-08 00:34:56,72.7868,-56.1549,40.12,91,20,9.22
403,Calama,CL,2022-07-08 00:34:56,-22.4667,-68.9333,61.29,11,0,13.8
404,Vila Velha,BR,2022-07-08 00:32:07,-20.3297,-40.2925,75.15,87,40,3.44
405,Owensboro,US,2022-07-08 00:34:56,37.7742,-87.1133,77.22,94,0,4.61
406,Matagami,CA,2022-07-08 00:32:35,49.7502,-77.6328,57.31,88,100,4.61
407,Kloulklubed,PW,2022-07-08 00:34:57,7.0419,134.2556,81.1,91,100,1.63
408,Mingyue,CN,2022-07-08 00:34:57,43.1069,128.9217,71.55,96,95,3.4
409,Lorengau,PG,2022-07-08 00:34:58,-2.0226,147.2712,82.06,79,95,11.5
410,Cherskiy,RU,2022-07-08 00:35:58,68.75,161.3,63.66,52,100,9.19
411,Arkhipo-Osipovka,RU,2022-07-08 00:35:59,44.37,38.52,68.79,70,0,4.61
412,Gornopravdinsk,RU,2022-07-08 00:35:59,60.05,69.9,62.87,66,0,1.79
413,Tyret Pervaya,RU,2022-07-08 00:35:59,53.6703,102.3106,59.63,87,100,4.12
414,Ucluelet,CA,2022-07-08 00:36:00,48.9329,-125.5528,64.71,71,5,5.46
415,Mount Pleasant,US,2022-07-08 00:36:00,32.7941,-79.8626,86.0,78,0,9.22
416,Vrangel,RU,2022-07-08 00:36:01,42.7297,133.0839,64.04,99,100,13.62
417,Shatrovo,RU,2022-07-08 00:36:01,56.5167,64.6333,61.29,83,75,5.44
418,Basco,PH,2022-07-08 00:36:01,20.4487,121.9702,84.47,78,100,14.92
419,Mezen,RU,2022-07-08 00:36:01,65.8522,44.24,57.6,98,100,3.58
420,Newtonmore,GB,2022-07-08 00:36:02,57.066,-4.1192,56.26,98,100,6.98
421,Adrar,MR,2022-07-08 00:36:02,20.5022,-10.0711,94.66,23,2,10.33
422,Maridi,SS,2022-07-08 00:36:03,4.9158,29.4742,66.7,95,100,2.77
423,Korhogo,CI,2022-07-08 00:36:03,9.45,-5.6333,77.16,79,100,4.63
424,Lasa,IT,2022-07-08 00:36:03,46.6166,10.7002,59.88,92,40,7.78
425,Saltpond,GH,2022-07-08 00:36:04,5.2091,-1.0606,75.65,88,100,10.83
426,Roma,US,2022-07-08 00:36:04,43.2128,-75.4557,75.34,61,0,4.61
427,Lujan,AR,2022-07-08 00:34:57,-34.5703,-59.105,46.94,30,7,1.01
428,Vestmanna,FO,2022-07-08 00:36:06,62.1564,-7.1664,50.92,82,100,26.46
429,Giyani,ZA,2022-07-08 00:36:06,-23.3025,30.7187,59.65,78,0,1.23
430,Shumskiy,RU,2022-07-08 00:36:07,54.8318,99.1328,62.83,81,91,6.87
431,Natitingou,BJ,2022-07-08 00:36:07,10.3042,1.3796,72.32,91,100,3.13
432,Nagaur,IN,2022-07-08 00:36:07,27.2,73.7333,88.16,63,17,7.38
433,Nishihara,JP,2022-07-08 00:36:10,26.1842,127.7558,85.68,84,75,10.36
434,Muros,ES,2022-07-08 00:36:10,42.7762,-9.0603,66.83,75,0,10.76
435,Padang,ID,2022-07-08 00:36:11,-0.9492,100.3543,77.05,78,100,2.1
436,Katobu,ID,2022-07-08 00:36:12,-4.9408,122.5276,79.12,85,21,2.44
437,Nsanje,MW,2022-07-08 00:36:12,-16.92,35.262,64.74,87,63,3.4
438,Ampanihy,MG,2022-07-08 00:36:13,-24.7,44.75,61.48,65,0,5.12
439,Winnemucca,US,2022-07-08 00:36:13,40.973,-117.7357,91.45,12,0,11.5
440,Marystown,CA,2022-07-08 00:36:14,47.1666,-55.1483,57.85,100,86,7.0
441,Acari,PE,2022-07-08 00:36:15,-15.4311,-74.6158,64.11,74,34,2.75
442,Lahat,ID,2022-07-08 00:36:16,-3.8,103.5333,75.87,89,14,1.92
443,Sorong,ID,2022-07-08 00:36:16,-0.8833,131.25,81.7,79,56,12.44
444,Ambulu,ID,2022-07-08 00:36:17,-8.345,113.6058,76.05,73,32,4.92
445,Sioux Lookout,CA,2022-07-08 00:36:17,50.1001,-91.917,73.47,46,75,3.44
446,Riyadh,SA,2022-07-08 00:36:17,24.6877,46.7219,91.54,11,100,11.3
447,Povenets,RU,2022-07-08 00:36:18,62.8487,34.8262,53.65,94,18,8.3
448,Neuquen,AR,2022-07-08 00:36:18,-38.9516,-68.0591,40.89,70,0,2.3
449,Nidzica,PL,2022-07-08 00:36:19,53.3605,20.4275,56.79,80,97,5.48
450,Sokolo,ML,2022-07-08 00:36:20,14.7328,-6.1219,92.79,37,100,7.81
451,Gillette,US,2022-07-08 00:36:20,44.2911,-105.5022,84.11,46,0,13.0
452,Hazorasp,UZ,2022-07-08 00:36:20,41.3194,61.0742,62.44,36,19,7.83
453,Saint George,US,2022-07-08 00:36:18,37.1041,-113.5841,101.43,11,0,6.91
454,Superior,US,2022-07-08 00:36:22,46.7208,-92.1041,81.57,68,0,8.05
455,Adeje,ES,2022-07-08 00:36:22,28.1227,-16.726,75.87,73,20,1.14
456,Sinnamary,GF,2022-07-08 00:37:23,5.3833,-52.95,78.21,86,8,9.08
457,Kumylzhenskaya,RU,2022-07-08 00:37:23,49.8809,42.5898,63.61,53,1,4.74
458,Mwanza,TZ,2022-07-08 00:37:24,-2.5167,32.9,66.67,57,13,9.8
459,Varhaug,NO,2022-07-08 00:37:24,58.6147,5.6457,52.86,93,100,15.79
460,Bambanglipuro,ID,2022-07-08 00:37:24,-7.95,110.2833,78.06,79,24,4.56
461,Mogadishu,SO,2022-07-08 00:36:44,2.0371,45.3438,75.88,78,97,19.28
462,Valparaiso,CL,2022-07-08 00:37:25,-33.0393,-71.6273,51.48,83,0,2.3
463,Abu Kamal,SY,2022-07-08 00:37:25,34.4506,40.9171,85.08,31,0,15.52
464,Gonbad-E Qabus,IR,2022-07-08 00:37:25,37.25,55.1672,72.55,61,0,5.84
465,Sagana,KE,2022-07-08 00:37:26,-0.6667,37.2,60.75,88,100,3.6
466,Lusaka,ZM,2022-07-08 00:37:26,-15.4067,28.2871,55.11,66,27,6.58
467,Toba,JP,2022-07-08 00:37:26,34.4833,136.85,80.6,79,74,2.57
468,Mao,ES,2022-07-08 00:37:27,39.8885,4.2658,72.16,83,0,6.91
469,Launceston,AU,2022-07-08 00:37:29,-41.45,147.1667,50.34,87,75,4.61
470,Columbus,US,2022-07-08 00:37:06,39.9612,-82.9988,81.88,61,75,9.22
471,Ayr,GB,2022-07-08 00:37:29,55.4627,-4.6339,57.18,88,75,8.05
472,Nhulunbuy,AU,2022-07-08 00:37:30,-12.2333,136.7667,77.61,57,20,18.41
473,Ankazoabo,MG,2022-07-08 00:37:30,-22.2833,44.5167,56.79,66,0,5.3
474,Kavaratti,IN,2022-07-08 00:34:00,10.5669,72.642,81.41,80,100,18.12
475,Paamiut,GL,2022-07-08 00:37:31,61.994,-49.6678,42.58,91,11,5.12
476,Oriximina,BR,2022-07-08 00:37:31,-1.7656,-55.8661,74.79,91,3,4.47
477,Manado,ID,2022-07-08 00:37:32,1.487,124.8455,81.37,78,40,4.61
478,Finschhafen,PG,2022-07-08 00:37:33,-6.6024,147.8681,84.97,65,80,11.56
479,Diffa,NE,2022-07-08 00:37:33,13.3154,12.6113,88.77,43,10,12.24
480,Salalah,OM,2022-07-08 00:37:35,17.0151,54.0924,77.09,100,100,5.75
481,Komsomolskiy,UZ,2022-07-08 00:37:35,40.4272,71.7189,70.52,40,0,4.61
482,Storslett,NO,2022-07-08 00:37:36,69.7678,21.0247,51.8,87,100,2.3
483,Taltal,CL,2022-07-08 00:37:36,-25.4,-70.4833,61.63,64,39,4.54
484,Port Moresby,PG,2022-07-08 00:37:37,-9.4431,147.1797,85.42,70,40,11.5
485,Tabou,CI,2022-07-08 00:37:37,4.423,-7.3528,75.81,82,100,8.77
486,Mafinga,TZ,2022-07-08 00:37:38,-7.25,35.0667,59.81,69,0,3.58
487,Powell River,CA,2022-07-08 00:37:38,49.8496,-124.5361,70.03,64,75,12.66
488,Ambilobe,MG,2022-07-08 00:37:38,-13.2,49.05,61.72,84,3,4.38
489,Lodja,CD,2022-07-08 00:37:40,-3.4833,23.4333,68.92,46,4,2.04
490,Tual,ID,2022-07-08 00:37:40,-5.6667,132.75,79.05,78,95,20.04
491,Alofi,NU,2022-07-08 00:37:41,-19.0595,-169.9187,76.89,69,29,18.41
492,Murray Bridge,AU,2022-07-08 00:37:42,-35.1167,139.2667,55.13,65,55,14.97
493,Seoul,KR,2022-07-08 00:37:42,37.5683,126.9778,80.2,81,100,4.61
494,Borgarnes,IS,2022-07-08 00:37:43,64.5383,-21.9206,49.8,92,100,12.86
495,Prince Rupert,CA,2022-07-08 00:37:43,54.3161,-130.3201,60.89,83,100,3.44
496,Provost,CA,2022-07-08 00:37:44,52.3501,-110.2683,73.85,67,97,12.71
497,Egvekinot,RU,2022-07-08 00:37:45,66.3167,-179.1667,48.4,73,61,1.77
498,Uni,RU,2022-07-08 00:37:45,57.7535,51.4923,62.71,95,8,6.22
499,Waipawa,NZ,2022-07-08 00:37:46,-41.4122,175.5153,50.41,92,100,10.6
500,Fortuna,US,2022-07-08 00:37:46,40.5982,-124.1573,71.92,69,20,3.0
501,Aranda De Duero,ES,2022-07-08 00:38:46,41.6704,-3.6892,55.53,73,0,4.68
502,Valera,VE,2022-07-08 00:38:48,9.3178,-70.6036,72.12,92,93,5.91
503,Verkhoyansk,RU,2022-07-08 00:38:48,67.5447,133.385,51.35,89,100,11.65
504,Rosarito,MX,2022-07-08 00:38:49,32.3333,-117.0333,78.66,72,14,8.59
505,Skole,UA,2022-07-08 00:38:49,49.0372,23.5135,52.48,77,11,2.3
506,Nelson Bay,AU,2022-07-08 00:38:50,-32.7167,152.15,56.1,66,0,11.01
507,Gboko,NG,2022-07-08 00:38:50,7.3179,8.9951,74.26,90,100,9.91
508,Lavrentiya,RU,2022-07-08 00:38:10,65.5833,-171.0,48.29,80,100,5.26
509,Puerto Leguizamo,CO,2022-07-08 00:38:50,-0.1934,-74.7819,72.19,96,100,3.4
510,Bandarbeyla,SO,2022-07-08 00:40:13,9.4942,50.8122,76.37,72,49,31.41
511,Prachin Buri,TH,2022-07-08 00:40:13,14.0833,101.6667,81.23,82,100,1.95
512,Pital,CO,2022-07-08 00:40:14,2.2665,-75.8044,67.93,85,84,5.91
513,Tarakan,ID,2022-07-08 00:40:14,3.3,117.6333,78.3,89,100,2.3
514,Amapa,BR,2022-07-08 00:40:15,1.0,-52.0,71.1,98,1,2.44
515,Labuan,MY,2022-07-08 00:40:15,5.2767,115.2417,82.76,83,20,3.44
516,Steubenville,US,2022-07-08 00:35:25,40.3698,-80.634,79.02,74,62,4.56
517,Caravelas,BR,2022-07-08 00:40:15,-17.7125,-39.2481,70.29,90,99,5.19
518,Ouallam,NE,2022-07-08 00:40:16,14.3188,2.0866,90.28,44,76,12.91
519,Kharp,RU,2022-07-08 00:40:16,66.8014,65.8081,66.97,72,99,3.56
520,Barcelos,PT,2022-07-08 00:40:16,41.5388,-8.6151,78.85,44,0,6.67
521,Ibra,OM,2022-07-08 00:40:17,22.6906,58.5334,77.76,87,81,3.78
522,Bubaque,GW,2022-07-08 00:40:17,11.2833,-15.8333,80.33,82,64,12.08
523,Tocopilla,CL,2022-07-08 00:40:17,-22.092,-70.1979,61.41,76,46,3.24
524,Emba,KZ,2022-07-08 00:40:18,48.8264,58.1442,59.65,68,1,7.31
525,Spencer,US,2022-07-08 00:40:18,43.1414,-95.1444,80.64,84,100,3.44
526,Biak,ID,2022-07-08 00:40:19,-0.9131,122.8766,75.6,90,100,4.92
527,Estelle,US,2022-07-08 00:40:19,29.8458,-90.1067,88.0,70,75,4.61
528,Rafraf,TN,2022-07-08 00:40:20,37.1904,10.1837,77.31,71,0,24.96
529,Moss Vale,AU,2022-07-08 00:40:20,-34.55,150.3833,48.0,67,4,12.01
530,Chandigarh,IN,2022-07-08 00:40:21,30.7343,76.7933,86.41,62,14,3.98
531,Dalnerechensk,RU,2022-07-08 00:40:21,45.9339,133.7225,74.91,87,100,5.37
532,Dunmore Town,BS,2022-07-08 00:40:22,25.5,-76.65,82.02,77,21,15.61
533,Porto Novo,BJ,2022-07-08 00:39:48,6.4965,2.6036,78.62,89,100,7.92
534,Geilo,NO,2022-07-08 00:40:22,60.5333,8.2076,50.56,74,22,8.03
535,Bin Qirdan,TN,2022-07-08 00:40:22,33.1378,11.2197,84.24,54,2,6.71
536,Nouadhibou,MR,2022-07-08 00:40:23,20.931,-17.0347,69.78,83,22,17.27
537,Kluang,MY,2022-07-08 00:38:55,2.0251,103.3328,81.59,76,22,2.1
538,Ndjole,GA,2022-07-08 00:40:23,-0.1783,10.7649,72.57,93,88,3.51
539,Rio Gallegos,AR,2022-07-08 00:40:23,-51.6226,-69.2181,17.65,93,0,3.44
540,Suhbaatar,MN,2022-07-08 00:40:24,50.2314,106.2078,61.95,72,100,3.38
541,Minsk,BY,2022-07-08 00:40:26,53.9,27.5667,49.75,82,100,2.8
542,Kirtipur,NP,2022-07-08 00:40:26,27.6667,85.2833,73.33,88,75,3.44
543,Viedma,AR,2022-07-08 00:40:27,-40.8135,-62.9967,44.47,48,92,9.62
544,Taganak,PH,2022-07-08 00:40:27,6.0833,118.3,78.94,80,100,9.46
545,Dourbali,TD,2022-07-08 00:40:28,11.8091,15.8632,85.32,48,100,8.46
546,Palm Beach,US,2022-07-08 00:40:28,26.6503,-80.4498,84.99,75,93,4.03
547,Methoni,GR,2022-07-08 00:40:29,36.8197,21.7049,78.22,86,0,9.71
548,Snasa,NO,2022-07-08 00:41:30,64.2457,12.3778,48.09,97,100,6.42
549,Chapais,CA,2022-07-08 00:41:30,49.7834,-74.8492,60.58,91,99,3.83
550,Cranbrook,CA,2022-07-08 00:37:12,49.4999,-115.7688,75.04,50,40,4.61
551,Baturite,BR,2022-07-08 00:41:31,-4.3286,-38.8847,70.77,97,100,2.57
552,Guerrero Negro,MX,2022-07-08 00:41:31,27.9769,-114.0611,71.56,73,0,16.44
553,Wasilla,US,2022-07-08 00:37:29,61.5814,-149.4394,63.95,78,100,5.01
554,Mangrol,IN,2022-07-08 00:41:31,21.1167,70.1167,82.42,84,100,20.94
555,Homer,US,2022-07-08 00:41:32,59.6425,-151.5483,60.76,64,100,12.66
556,Gat,IL,2022-07-08 00:41:34,31.61,34.7642,77.4,71,0,2.98
557,Sur,OM,2022-07-08 00:41:35,22.5667,59.5289,82.74,83,95,7.49
558,Veliki Trnovac,RS,2022-07-08 00:41:35,42.4767,21.7405,57.25,61,4,2.39
559,Bintulu,MY,2022-07-08 00:38:17,3.1667,113.0333,79.21,88,20,5.01
560,Wewak,PG,2022-07-08 00:41:36,-3.5534,143.6268,82.89,74,100,5.14
561,Talcahuano,CL,2022-07-08 00:41:36,-36.7167,-73.1167,44.28,87,0,3.44
562,Gizo,SB,2022-07-08 00:41:37,-8.103,156.8419,84.27,66,42,7.36
563,Lepe,ES,2022-07-08 00:41:38,37.2548,-7.2043,76.1,68,0,6.8
